shortcode,followers
BpUyXkgFZpP,189
BjYG2PgFURh,153
Bj1J8ucFJAw,220
BkYIzZoF0zK,167
BjhT-e1FTcB,214
BQuo1jphe_a,15106
BPppCkaDtEn,798
BQ0IfcCgWOF,1606
BPPOtsdDUEY,798
BpUyXkgFZpP,189
BpAQOOqlRNv,292
BojB8s6lrd_,304
Boih51gFljJ,2265
BoC3OyqHXZX,185
Bn6wb7cB_j2,281
BnmpeGol3h_,220
Bni5bh8lC0r,861
BmvnxOXHap1,252
Bl2hWrwhfG0,603
BlyT9mrB0Ug,603
BkvDdd9FScZ,2625
BkfmtLhl5YG,982
Bkdg9oClzVp,208
BkdHDDhARbl,982
Bkasqq2An2i,982
BkaCraJFObP,826
BkYnMdXHsPL,42
BkYY8EklnlC,138
BkYIzZoF0zK,167
BkX5D9glOfK,189
BkVR-LQBhpm,7397
BkC_iKgDDL0,982
BkA-QjYBAzF,982
Bj-JbKiDwff,982
Bj5DYmplZn8,153
Bj49cnlBJfv,7397
Bj12r_Kl9jS,373
Bj1J8ucFJAw,220
Bjxo4scF_nZ,220
BjxoUyKlVev,220
BjxoGjqF15B,220
BjsPmlKFF3g,220
BjhT-e1FTcB,214
BjhTJvAFrN1,514
BjYG2PgFURh,153
BjQgIAzl9L9,167
BjE50-hFu6K,189
Bie1yR1l8VX,10035
BiSIT8cAkb7,982
BiP2ETNF8Jx,167
Bh3vXNsBPYk,45
BhvzcTsAIUM,64
BhpQSX8l624,10035
BhcKX6Mlvru,4606
BhKIp-ngkpC,153
Bg22DiCFI0t,4850
Bg1jR0_Abo7,229
BgwJAOkHw55,38
BgqRGP_lqDb,108
Bgk1EJ_ArM1,108
Bgj2zGxgctH,82
BgilpmJg7tm,108
BgeYJ_FAXWE,82
BgeU_FTAr8S,404
BgZii2pA0tj,10035
BgJxu8Tg0-a,160
BgJwvgpAFwm,160
BfyYt3kFRmi,189
BfbeQIajTRD,1213
BfTZfTHnTws,333
BfI5vbNlBiE,19
BenGXsGne-l,1475
BeliNIcFmo-,304
BelgonGl8C9,304
BeIku7SgTKf,607
BeHX8DTn6qs,10035
BcjDdybFSG6,7061
BcT7JHNFzyI,243
BcMtWaglxC7,207
BcFgdIaneTV,638
BcFeowKHgGj,638
Bb9YLsggR6z,138
Bbnj0cgBF_4,373
BbSPQqUBr5J,230
BbEuQEgDRRM,1079
BbAPLgcAtfA,210
Ba8w0MGga9I,1475
Ba6jgZ2HcNB,1606
BawKUlfhcCX,2490
Bat7KtMHuzX,133
BZ1Rw2nnXzP,1606
BZyrhj7HTQ1,1606
BZjNfxgntk8,1606
BZg24rTnMvN,1606
BZZdKCIBQ0v,160
BZIshZhBhth,373
BY7bMnqndZq,288
BYtJ6OJBGfL,798
BX4p2GBAaxD,138
BXrs15RjMcK,2265
BXcun9jAq-W,2574
BXXb20YgbtB,612
BXBIGJ6hSM7,411
BW9YvhXBuxy,15106
BW2cAOtBu7o,1912
BWJLHezB6UQ,70
BWFL9nDgIGr,1606
BV4mVImhQRz,1192
BVxSA0-ni7x,278
BVxHCcYglEi,70
BVxFk1zlxgM,304
BVw7c6ZljFJ,2521
BVwRR7WgJaW,138
BVvcKkAgMhX,423
BVvbQ0kg2k2,423
BVvaBxZglki,78
BVvRBj5g-MS,321
BVvQv5xArL8,321
BVvQXtLgdds,321
BVu9kiAFiuo,260
BVu7snonEHu,205
BVsHb6RgVt1,1606
BVlz5IwHxGl,9
BVT8jCeA_F8,1606
BVSfMBUntuC,9
BVPYt4pgeow,1606
BT6K5AUgHf9,1606
BT4QJSyAJC7,8525
BSvk7XaFZDZ,94
BSWGVQIl8DG,301
BSJkGkwDsHQ,854
BRVSGn_gjUl,1606
BQ0IfcCgWOF,1606
BQuo1jphe_a,15106
BQs6_pUAzOT,361
BQScrZWjvEQ,798
BQIGpz7AHI7,392
BQFYxmQD9XB,798
BP4f29ODgxM,798
BPzrXYKjxmn,606
BPyHhl_FRUe,208
BPrk-NUjuxo,798
BPqYlsmBgMi,921
BPp1FuIBpwO,1329
BPp0gwBheB8,1329
BPppCkaDtEn,798
BPpUDDKABZY,294
BPPOtsdDUEY,798
BPE9o8ND-On,798
BOmRZrMBaxj,2875
BN4Xe7KDFLX,450
BN4XMABjeQb,450
BN4W6VIDGDM,450
BN4WZwRD91n,450
BM_QpbuD6Kj,2311
BBn6NeIOJ0i,1206
BL-14CJBveq,15106
BLByAlNB9_i,977
BK1L0LaBE64,4102
BKvpypuDOOY,8200
BKLaxx0hCB2,516
BJLlRGXBBWT,469
BJEWTmohuS5,469
BIsLNRpj8yY,8200
BIsJj-FDJMd,8200
BIsJGY7DHgp,8200
BIGU7WUAl-k,1322
BHhoutbjyS7,8200
BHJf8dUhhWb,787
BHIadynB1qh,56
BHHVVIPhIZS,56
BHHVHeeBaec,56
BHHU84XBAut,56
BHGU5RJB_g1,367
BHGCkOSAp7l,371
BHCGt40hn7l,787
BG_U8jXxamB,787
BG9EZ5uRauP,787
BGxNRGRFhth,1158
BGxKWPqxar-,787
BGdsapURajC,787
BGNld6squ62,1885
BGNlSBcqu6f,1885
BFysxdNRA6A,993
BFhGa2vHKeb,2265
BE32T3fpQJy,293
BE31lLFJQG4,293
BEomXb6Ronl,781
BEd0t-4xk9R,609
BDvGcNRRk2t,609
BC5O4d8Rk_s,609
BCx1AnMqAQI,1429
BCdQ698vOsf,1093
BCXKL3gvOhi,1093
BCVKrTonKac,2265
BCUpLMqvOnY,1093
BCTs1cKoK3O,2259
BCTdY3YvOq9,1093
BCS7ULzPOk1,1093
BCF0yEJtQyE,650
BBo_h-ulast,112
BBn97viyvGq,417
BBnbDehoUvG,697
BBnZhlYxZvk,256
BBKZikYFLMW,292
BBKZdU6lLMO,292
BBKZYteFLME,292
BBKZOSCFLLs,292
BBHs3IZq7KJ,5946
BBDIwyUwZAA,1606
BA1xGF2ltHA,123
BAuVyqZQZIv,1606
_-HV8yA_B9,87
_6o6xdxxNe,321
-9IjGJgljm,5752
-Tj9V8O0EY,503
9g8ibMknAa,20611
9RK4_ctYaV,56403
9N7tnrD0oK,556
9N4lfiD0io,556
9N4ZEfD0iT,556
9DwE1WghaM,373
9A3jYWAhYH,373
8Y5muFllW7,329
6hmvFhEEpt,1450
6fKyiTNkxp,1275
5fi90dKFM6,208
5aS3i6qFGH,208
5WaAB-pWSi,306
5NhNOYEI7I,461
4eTMh5PNwv,329
4eSloePN_e,329
4eSXqzPN_O,329
4eCpd_JyPM,564
4eCiDyLxj7,479
4d7IgrJlvq,1329
4c731ewWWO,2123
4c7oCEQWVo,2123
4c7XbtQWVH,2123
4c7P-JwWU7,2123
4c7FruwWUq,2123
4c64qYwWUL,2123
4czIqHrGjV,646
4cxR8eLGvP,646
4cwLwMLxoJ,479
4cvcParxmZ,479
4ctjxcLxiD,479
4cqMlTAlg8,5752
4cpJKPkcgE,361
4coW21JyAu,564
4cn85OJyPq,564
4cnYXQSqBG,5146
4cmam9JyMW,564
4cmHB1pyLv,564
4clua3JyK9,564
4b001Mrxok,479
4bzu7nLxmn,479
4by0MOrxk_,479
4bLoMTrxn4,479
4bGXyGyqN8,5146
3zR2wDQZOw,1606
3gv44nQZPc,1606
3bRbo7wZGq,1606
3WJ0CpF1fw,144
3Qp74pKFDG,208
3QVCB3MR5Q,608
3PH2zmJlh_,1329
3PHeIMplhV,1329
3OxCQvplme,1329
3ORU1NhcTN,8200
3OH1QBR_bZ,10268
3M2lG0FWrm,481
3M1t-rsRz9,608
3M1ZJrMRzf,608
3KOYW-KFHg,208
2nKQenQZF_,1606
2D49bfKFFA,208
2Dw_ufAhde,373
08CsYkghRt,373
07NNyHQZGQ,1606
0z2jV7Px51,256
0xwfOPghV2,373
0xwVCmghVi,373
0xDCrbJtT9,5629
0ucSwRJtSc,5629
0pS8viJtSW,5629
0mt5gJJtYF,5629
0k4r4uKFLI,208
0kKWF0ptTO,5629
0hmp7FptVZ,5629
0e_bHTJtVo,5629
0azb1Gptbd,5629
0YHtDDnKW0,2265
0XREzcptWz,5629
0Urr_XptZU,5629
0C_EFwGwUn,28554
0CqAz7mwQj,28554
0Cf7gCmwZg,28554
z0f2yjghW4,373
zhRY0astp3,952
yhD-zHud-u,99
yeGE_mAhYe,373
yeF6v7AhYV,373
yeFranAhYH,373
tAnVGDqFFt,208
yeF0r_ghYS,373
xzXzbfAhQh,373
v1GVu5xsiq,1397
u8eKndghaS,373
p5dIrKSmzA,4644
p4AwWRSqKI,5146
py2MHJR9Tu,148
pInnVVghZK,373
oJPk7gusxw,875
oJNRZnOs9Y,875
oJLskqus6t,875
n0r_C7MI9H,404
n0rhdHMI8G,404
n0rJP3MI7X,404
n0nUbgQIa5,562
nh1u00nQJI,592
nh1Q_iHQIz,592
nh0pPqnQIO,592
nh0Q71nQH4,592
nN-HfMghQt,373
mIH16uTBhj,376
lp93Ryghac,373
lhorLzAhZ_,373
lPThcJqLjc,367
lC31rgC3ur,226
lC1fWoBGgA,229
lCaYJ7CiFJ,1797
kxXg9PNxld,420
kXtJpnghSX,373
j8sRdopxMv,532
jtUtlmghTA,373
jhiF7KAhXL,373
jRxnxEghbd,373
hlXiIOAhcW,373
hlVn16AhZk,373
